,type,open_ts,open_price,close_ts,close_price,duration,profit,diff_PCT,balance
0,long,2024-11-26 06:50:00,0.40366,2024-11-26 12:05:00,0.37662,63,-0.489440568795521,-6.6987068324827845,9.510559431204479
1,long,2024-11-26 12:50:00,0.36882,2024-11-26 13:40:00,0.37737,10,0.13420541181548667,2.3182040019521724,9.644764843019965
2,long,2024-11-26 14:10:00,0.37428,2024-11-26 14:25:00,0.37602,3,0.011101065581340785,0.46489259378006287,9.655865908601307
3,long,2024-11-26 14:30:00,0.37702,2024-11-26 14:35:00,0.38418,1,0.10795674008744348,1.8991034958357644,9.76382264868875
4,long,2024-11-26 14:40:00,0.38301,2024-11-27 10:55:00,0.39524,243,0.1975176888674254,3.1931281167593437,9.961340337556175
5,long,2024-11-27 11:10:00,0.39419,2024-11-27 19:45:00,0.40407,103,0.15367652546912772,2.5064055404754053,10.115016863025303
6,long,2024-11-27 19:55:00,0.40377,2024-11-27 20:30:00,0.40735,7,0.04147457531029258,0.8866433860861312,10.156491438335596
7,long,2024-11-27 20:45:00,0.40449,2024-11-28 02:05:00,0.41594,64,0.17972176378503116,2.830725110633133,10.336213202120627
8,long,2024-11-28 03:10:00,0.41169,2024-11-28 04:40:00,0.41088,18,-0.03592736049065275,-0.1967499817824036,10.300285841629973
9,long,2024-11-28 04:55:00,0.41048,2024-11-28 05:00:00,0.41121,1,-0.008820761495721668,0.1778405768855994,10.291465080134252
10,long,2024-11-28 06:25:00,0.40561,2024-11-28 07:20:00,0.40695,11,0.0021638185288786332,0.3303666083183236,10.29362889866313
11,long,2024-11-28 07:45:00,0.40368,2024-11-29 02:10:00,0.40624,221,0.024032747137366375,0.6341656757827999,10.317661645800497
12,long,2024-11-29 02:50:00,0.40762,2024-11-29 03:00:00,0.40723,2,-0.02857034471272906,-0.09567734654825609,10.289091301087767
13,long,2024-11-29 03:05:00,0.40809,2024-11-29 09:45:00,0.41021,80,0.01577128676099744,0.519493249038205,10.304862587848765
14,long,2024-11-29 10:20:00,0.41194,2024-11-29 14:50:00,0.42136,54,0.143146683842429,2.286740787493334,10.448009271691195
15,long,2024-11-29 15:45:00,0.42012,2024-11-29 16:40:00,0.42194,11,0.009710739722827268,0.4332095591735667,10.457720011414022
16,long,2024-11-30 02:10:00,0.41959,2024-11-30 02:15:00,0.41768,1,-0.05525082732367934,-0.45520627279011006,10.402469184090343
17,long,2024-11-30 02:30:00,0.41759,2024-11-30 02:35:00,0.41675,1,-0.03647804342103998,-0.20115424219928815,10.365991140669303
18,long,2024-11-30 04:45:00,0.42283,2024-11-30 04:50:00,0.4226,1,-0.02571166880423209,-0.05439538348745547,10.34027947186507
19,long,2024-11-30 18:35:00,0.42304,2024-11-30 20:00:00,0.42647,17,0.03691387377695379,0.810798033282902,10.377193345642024
20,long,2024-12-01 02:05:00,0.42665,2024-12-01 03:40:00,0.42371,19,-0.07179774915587543,-0.6890894175553729,10.305395596486148
21,long,2024-12-01 05:50:00,0.42821,2024-12-01 06:15:00,0.42704,5,-0.041331853800958385,-0.2732304243245147,10.26406374268519
22,long,2024-12-02 11:20:00,0.40986,2024-12-02 11:25:00,0.41139,1,0.005239540839397762,0.37329819938515,10.269303283524588
23,long,2024-12-02 13:10:00,0.41591,2024-12-02 13:15:00,0.41986,1,0.04663726889278967,0.9497247000553026,10.315940552417377
24,long,2024-12-02 13:45:00,0.42008,2024-12-02 13:50:00,0.41966,1,-0.028876038566781025,-0.09998095600838683,10.287064513850597
25,long,2024-12-02 21:10:00,0.4223,2024-12-02 21:20:00,0.42052,2,-0.05192456103407907,-0.4215013023916656,10.235139952816517
26,long,2024-12-03 09:25:00,0.41653,2024-12-03 09:35:00,0.41897,2,0.020433888187700904,0.5857921398218611,10.25557384100422
27,long,2024-12-03 10:50:00,0.41368,2024-12-03 12:00:00,0.41729,14,0.04104770622068614,0.8726551924192617,10.296621547224905
28,long,2024-12-03 13:10:00,0.4123,2024-12-03 15:15:00,0.40779,25,-0.10038576673441284,-1.0938636914867848,10.196235780490493
29,long,2024-12-03 15:30:00,0.4037,2024-12-03 17:55:00,0.40802,29,0.05488858255035048,1.0701015605647735,10.251124363040844
30,long,2024-12-03 20:00:00,0.40845,2024-12-03 21:05:00,0.41355,13,0.0679815566049782,1.2486228424531751,10.319105919645823
31,long,2024-12-03 21:55:00,0.4126,2024-12-04 01:45:00,0.41669,46,0.04986176474203008,0.9912748424624291,10.368967684387853
32,long,2024-12-04 02:05:00,0.41462,2024-12-04 04:05:00,0.41611,24,0.004282807295329691,0.35936520187159116,10.373250491683182
33,long,2024-12-04 11:45:00,0.41821,2024-12-04 14:45:00,0.41562,36,-0.06670837694781764,-0.6193060902417533,10.306542114735365
34,long,2024-12-04 15:00:00,0.41362,2024-12-04 18:10:00,0.41282,38,-0.03558380884534244,-0.19341424495913337,10.270958305890023
35,long,2024-12-04 18:40:00,0.41069,2024-12-04 18:50:00,0.41207,2,0.0025655512863955038,0.33601986900094777,10.273523857176418
36,long,2024-12-04 18:55:00,0.41256,2024-12-04 19:30:00,0.41747,7,0.06392780902252646,1.1901299204964189,10.337451666198945
37,long,2024-12-04 19:45:00,0.41636,2024-12-04 20:40:00,0.41991,11,0.03992762497373101,0.8526275338649241,10.377379291172675
38,long,2024-12-05 01:15:00,0.41324,2024-12-05 02:45:00,0.43048,18,0.28095888058800916,4.171909786080723,10.658338171760684
39,long,2024-12-05 23:10:00,0.42635,2024-12-05 23:15:00,0.43038,1,0.0480692426493275,0.9452327899612943,10.706407414410013
40,long,2024-12-05 23:30:00,0.42881,2024-12-05 23:35:00,0.42643,1,-0.06403807854466664,-0.5550243697675075,10.642369335865347
41,long,2024-12-06 10:55:00,0.42944,2024-12-06 11:05:00,0.4306,2,-0.002246138662270766,0.27011922503725655,10.640123197203076
42,long,2024-12-06 12:50:00,0.42329,2024-12-06 14:40:00,0.42946,22,0.08611267954718727,1.4576295211320864,10.726235876750263
43,long,2024-12-09 21:05:00,0.39401,2024-12-09 21:40:00,0.41843,7,0.4423639221992208,6.197812238268064,11.168599798949483
44,long,2024-12-09 22:25:00,0.41265,2024-12-09 22:30:00,0.41197,1,-0.03632437885756039,-0.16478856173512998,11.132275420091922
45,long,2024-12-09 22:45:00,0.41209,2024-12-09 22:50:00,0.41223,1,-0.020733035660512024,0.03397316120264347,11.11154238443141
46,long,2024-12-09 23:55:00,0.4138,2024-12-10 00:45:00,0.41727,10,0.04182512908194417,0.8385693571773739,11.153367513513354
47,long,2024-12-10 03:10:00,0.38761,2024-12-10 04:10:00,0.39338,12,0.092682783451604,1.4886096849926467,11.246050296964958
48,long,2024-12-10 04:25:00,0.39622,2024-12-10 05:25:00,0.40329,12,0.11671201634083678,1.7843622230074112,11.362762313305794
49,long,2024-12-10 05:35:00,0.4051,2024-12-10 06:45:00,0.41176,14,0.10677316509300107,1.6440385090101206,11.469535478398795
50,long,2024-12-10 07:35:00,0.40617,2024-12-10 19:35:00,0.38486,144,-0.44489497068614625,-5.246571632567643,11.024640507712649
51,long,2024-12-10 19:40:00,0.38434,2024-12-11 20:15:00,0.41624,295,0.6167349238069002,8.299942759015451,11.641375431519549
